{
    "name": "root",
    "gauges": {
        "MyBehavior.Policy.Entropy.mean": {
            "value": 0.5114052295684814,
            "min": 0.5010949373245239,
            "max": 1.014335036277771,
            "count": 10
        },
        "MyBehavior.Policy.Entropy.sum": {
            "value": 25604.013671875,
            "min": 25055.748046875,
            "max": 50802.97265625,
            "count": 10
        },
        "MyBehavior.Environment.EpisodeLength.mean": {
            "value": 135.34877384196184,
            "min": 126.84754521963825,
            "max": 136.3013698630137,
            "count": 10
        },
        "MyBehavior.Environment.EpisodeLength.sum": {
            "value": 49673.0,
            "min": 49090.0,
            "max": 49806.0,
            "count": 10
        },
        "MyBehavior.Step.mean": {
            "value": 499999.0,
            "min": 49989.0,
            "max": 499999.0,
            "count": 10
        },
        "MyBehavior.Step.sum": {
            "value": 499999.0,
            "min": 49989.0,
            "max": 499999.0,
            "count": 10
        },
        "MyBehavior.Policy.ExtrinsicValueEstimate.mean": {
            "value": -2.866487979888916,
            "min": -29.040260314941406,
            "max": 4.827737331390381,
            "count": 10
        },
        "MyBehavior.Policy.ExtrinsicValueEstimate.sum": {
            "value": -2743.22900390625,
            "min": -27443.046875,
            "max": 4634.6279296875,
            "count": 10
        },
        "MyBehavior.Environment.CumulativeReward.mean": {
            "value": -14.840871786876335,
            "min": -133.2754522113837,
            "max": 14.715447196953988,
            "count": 10
        },
        "MyBehavior.Environment.CumulativeReward.sum": {
            "value": -5446.599945783615,
            "min": -51577.60000580549,
            "max": 5430.000015676022,
            "count": 10
        },
        "MyBehavior.Policy.ExtrinsicReward.mean": {
            "value": -14.840871786876335,
            "min": -133.2754522113837,
            "max": 14.715447196953988,
            "count": 10
        },
        "MyBehavior.Policy.ExtrinsicReward.sum": {
            "value": -5446.599945783615,
            "min": -51577.60000580549,
            "max": 5430.000015676022,
            "count": 10
        },
        "MyBehavior.Losses.PolicyLoss.mean": {
            "value": 0.024260266449612877,
            "min": 0.021646152989317973,
            "max": 0.0252634210686665,
            "count": 10
        },
        "MyBehavior.Losses.PolicyLoss.sum": {
            "value": 0.12130133224806439,
            "min": 0.08951293311547488,
            "max": 0.12380702307758233,
            "count": 10
        },
        "MyBehavior.Losses.ValueLoss.mean": {
            "value": 155.8944967142741,
            "min": 133.50115661621095,
            "max": 222.26969477335612,
            "count": 10
        },
        "MyBehavior.Losses.ValueLoss.sum": {
            "value": 779.4724835713705,
            "min": 640.5401692708333,
            "max": 944.1380722045899,
            "count": 10
        },
        "MyBehavior.Policy.LearningRate.mean": {
            "value": 1.643805452067999e-05,
            "min": 1.643805452067999e-05,
            "max": 0.0002845815051395,
            "count": 10
        },
        "MyBehavior.Policy.LearningRate.sum": {
            "value": 8.219027260339996e-05,
            "min": 8.219027260339996e-05,
            "max": 0.0012840438719854,
            "count": 10
        },
        "MyBehavior.Policy.Epsilon.mean": {
            "value": 0.10547932,
            "min": 0.10547932,
            "max": 0.1948605,
            "count": 10
        },
        "MyBehavior.Policy.Epsilon.sum": {
            "value": 0.5273966,
            "min": 0.5000288,
            "max": 0.9280146000000001,
            "count": 10
        },
        "MyBehavior.Policy.Beta.mean": {
            "value": 0.00028341806799999996,
            "min": 0.00028341806799999996,
            "max": 0.004743538950000001,
            "count": 10
        },
        "MyBehavior.Policy.Beta.sum": {
            "value": 0.00141709034,
            "min": 0.00141709034,
            "max": 0.02140792854,
            "count": 10
        },
        "MyBehavior.IsTraining.mean": {
            "value": 1.0,
            "min": 1.0,
            "max": 1.0,
            "count": 10
        },
        "MyBehavior.IsTraining.sum": {
            "value": 1.0,
            "min": 1.0,
            "max": 1.0,
            "count": 10
        }
    },
    "metadata": {
        "timer_format_version": "0.1.0",
        "start_time_seconds": "1707979525",
        "python_version": "3.9.13 (tags/v3.9.13:6de2ca5, May 17 2022, 16:36:42) [MSC v.1929 64 bit (AMD64)]",
        "command_line_arguments": "C:\\Users\\Karl\\Documents\\GitHub\\Mech-K7\\Mech-K7\\venv\\Scripts\\mlagents-learn --run-id=D_1 --force",
        "mlagents_version": "0.30.0",
        "mlagents_envs_version": "0.30.0",
        "communication_protocol_version": "1.5.0",
        "pytorch_version": "2.1.2+cpu",
        "numpy_version": "1.21.2",
        "end_time_seconds": "1707980552"
    },
    "total": 1027.1631722,
    "count": 1,
    "self": 0.009899700000005396,
    "children": {
        "run_training.setup": {
            "total": 0.061415600000000126,
            "count": 1,
            "self": 0.061415600000000126
        },
        "TrainerController.start_learning": {
            "total": 1027.0918569,
            "count": 1,
            "self": 1.5737155999916013,
            "children": {
                "TrainerController._reset_env": {
                    "total": 21.495296500000002,
                    "count": 1,
                    "self": 21.495296500000002
                },
                "TrainerController.advance": {
                    "total": 1003.9494472000082,
                    "count": 68806,
                    "self": 1.4212609999875667,
                    "children": {
                        "env_step": {
                            "total": 848.786683000001,
                            "count": 68806,
                            "self": 742.3692095999992,
                            "children": {
                                "SubprocessEnvManager._take_step": {
                                    "total": 105.40409639999578,
                                    "count": 68806,
                                    "self": 3.6860729999812634,
                                    "children": {
                                        "TorchPolicy.evaluate": {
                                            "total": 101.71802340001452,
                                            "count": 65961,
                                            "self": 101.71802340001452
                                        }
                                    }
                                },
                                "workers": {
                                    "total": 1.0133770000059705,
                                    "count": 68806,
                                    "self": 0.0,
                                    "children": {
                                        "worker_root": {
                                            "total": 1003.8552998000091,
                                            "count": 68806,
                                            "is_parallel": true,
                                            "self": 341.4103103999968,
                                            "children": {
                                                "steps_from_proto": {
                                                    "total": 0.0005878999999993084,
                                                    "count": 1,
                                                    "is_parallel": true,