{
    "name": "root",
    "gauges": {
        "MyBehavior.Policy.Entropy.mean": {
            "value": 0.9869745373725891,
            "min": 0.8088434338569641,
            "max": 0.9869745373725891,
            "count": 6
        },
        "MyBehavior.Policy.Entropy.sum": {
            "value": 49440.515625,
            "min": 40552.984375,
            "max": 49440.515625,
            "count": 6
        },
        "MyBehavior.Environment.EpisodeLength.mean": {
            "value": 36.58734939759036,
            "min": 36.40253920836445,
            "max": 44.78397212543554,
            "count": 6
        },
        "MyBehavior.Environment.EpisodeLength.sum": {
            "value": 48588.0,
            "min": 45622.0,
            "max": 51412.0,
            "count": 6
        },
        "MyBehavior.Step.mean": {
            "value": 299971.0,
            "min": 49983.0,
            "max": 299971.0,
            "count": 6
        },
        "MyBehavior.Step.sum": {
            "value": 299971.0,
            "min": 49983.0,
            "max": 299971.0,
            "count": 6
        },
        "MyBehavior.Policy.ExtrinsicValueEstimate.mean": {
            "value": -130.27322387695312,
            "min": -175.4288330078125,
            "max": -95.62804412841797,
            "count": 6
        },
        "MyBehavior.Policy.ExtrinsicValueEstimate.sum": {
            "value": -186551.25,
            "min": -232618.625,
            "max": -131392.9375,
            "count": 6
        },
        "MyBehavior.Environment.CumulativeReward.mean": {
            "value": -282.67364893880597,
            "min": -355.63130285881243,
            "max": -282.67364893880597,
            "count": 6
        },
        "MyBehavior.Environment.CumulativeReward.sum": {
            "value": -375390.6057907343,
            "min": -407909.1043790579,
            "max": -355272.00407135487,
            "count": 6
        },
        "MyBehavior.Policy.ExtrinsicReward.mean": {
            "value": -282.67364893880597,
            "min": -355.63130285881243,
            "max": -282.67364893880597,
            "count": 6
        },
        "MyBehavior.Policy.ExtrinsicReward.sum": {
            "value": -375390.6057907343,
            "min": -407909.1043790579,
            "max": -355272.00407135487,
            "count": 6
        },
        "MyBehavior.Losses.PolicyLoss.mean": {
            "value": 0.02308493803914947,
            "min": 0.021783803551613044,
            "max": 0.025131464036288284,
            "count": 6
        },
        "MyBehavior.Losses.PolicyLoss.sum": {
            "value": 0.11542469019574736,
            "min": 0.10052585614515314,
            "max": 0.12469276884658029,
            "count": 6
        },
        "MyBehavior.Losses.ValueLoss.mean": {
            "value": 1451.2469327799477,
            "min": 1451.2469327799477,
            "max": 4352.942352294922,
            "count": 6
        },
        "MyBehavior.Losses.ValueLoss.sum": {
            "value": 7256.234663899739,
            "min": 7256.234663899739,
            "max": 18757.943977864583,
            "count": 6
        },
        "MyBehavior.Policy.LearningRate.mean": {
            "value": 0.00013366013544663998,
            "min": 0.00013366013544663998,
            "max": 0.00028458465513845,
            "count": 6
        },
        "MyBehavior.Policy.LearningRate.sum": {
            "value": 0.0006683006772331999,
            "min": 0.0006683006772331999,
            "max": 0.0012842532719156,
            "count": 6
        },
        "MyBehavior.Policy.Epsilon.mean": {
            "value": 0.14455335999999996,
            "min": 0.14455335999999996,
            "max": 0.19486155000000002,
            "count": 6
        },
        "MyBehavior.Policy.Epsilon.sum": {
            "value": 0.7227667999999998,
            "min": 0.7227667999999998,
            "max": 0.9280843999999999,
            "count": 6
        },
        "MyBehavior.Policy.Beta.mean": {
            "value": 0.002233212664,
            "min": 0.002233212664,
            "max": 0.004743591345,
            "count": 6
        },
        "MyBehavior.Policy.Beta.sum": {
            "value": 0.011166063319999999,
            "min": 0.011166063319999999,
            "max": 0.021411411560000003,
            "count": 6
        },
        "MyBehavior.IsTraining.mean": {
            "value": 1.0,
            "min": 1.0,
            "max": 1.0,
            "count": 6
        },
        "MyBehavior.IsTraining.sum": {
            "value": 1.0,
            "min": 1.0,
            "max": 1.0,
            "count": 6
        }
    },
    "metadata": {
        "timer_format_version": "0.1.0",
        "start_time_seconds": "1706603068",
        "python_version": "3.9.13 (tags/v3.9.13:6de2ca5, May 17 2022, 16:36:42) [MSC v.1929 64 bit (AMD64)]",
        "command_line_arguments": "C:\\Users\\Karl\\Documents\\GitHub\\Mech-K7\\Mech-K7\\venv\\Scripts\\mlagents-learn --run-id=K7 --time-scale=10.0 --force",
        "mlagents_version": "0.30.0",
        "mlagents_envs_version": "0.30.0",
        "communication_protocol_version": "1.5.0",
        "pytorch_version": "2.1.2+cpu",
        "numpy_version": "1.21.2",
        "end_time_seconds": "1706604271"
    },
    "total": 1202.894468,
    "count": 1,
    "self": 10.007589300000063,
    "children": {
        "run_training.setup": {
            "total": 0.034500600000000325,
            "count": 1,
            "self": 0.034500600000000325
        },
        "TrainerController.start_learning": {
            "total": 1192.8523781,
            "count": 1,
            "self": 1.2764636999909271,
            "children": {
                "TrainerController._reset_env": {
                    "total": 17.9751494,
                    "count": 1,
                    "self": 17.9751494
                },
                "TrainerController.advance": {
                    "total": 1173.4262912000088,
                    "count": 51250,
                    "self": 1.0369320999991487,
                    "children": {
                        "env_step": {
                            "total": 1063.9449680000037,
                            "count": 51250,
                            "self": 967.8308079000068,
                            "children": {
                                "SubprocessEnvManager._take_step": {
                                    "total": 95.30270880000958,
                                    "count": 51251,
                                    "self": 2.805968400001859,
                                    "children": {
                                        "TorchPolicy.evaluate": {
                                            "total": 92.49674040000772,
                                            "count": 46296,
                                            "self": 92.49674040000772
                                        }
                                    }
                                },
                                "workers": {
                                    "total": 0.8114512999872403,
                                    "count": 51249,
                                    "self": 0.0,
                                    "children": {
                                        "worker_root": {
                                            "total": 1139.5263210000007,
                                            "count": 51249,
                                            "is_parallel": true,
                                            "self": 269.0376266999807,
                                            "children": {
                                                "steps_from_proto": {
                                                    "total": 0.0010374000000012984,
                                                    "count": 2,
                                                    "is_parallel": true,